-- MySQL Script generated by MySQL Workbench
-- Fri Jul 15 09:55:55 2022
-- Model: New Model    Version: 1.0
-- MySQL Workbench Forward Engineering

SET @OLD_UNIQUE_CHECKS=@@UNIQUE_CHECKS, UNIQUE_CHECKS=0;
SET @OLD_FOREIGN_KEY_CHECKS=@@FOREIGN_KEY_CHECKS, FOREIGN_KEY_CHECKS=0;
SET @OLD_SQL_MODE=@@SQL_MODE, SQL_MODE='ONLY_FULL_GROUP_BY,STRICT_TRANS_TABLES,NO_ZERO_IN_DATE,NO_ZERO_DATE,ERROR_FOR_DIVISION_BY_ZERO,NO_ENGINE_SUBSTITUTION';

-- -----------------------------------------------------
-- Schema mydb
-- -----------------------------------------------------
-- -----------------------------------------------------
-- Schema atbm
-- -----------------------------------------------------

-- -----------------------------------------------------
-- Schema atbm
-- -----------------------------------------------------
CREATE SCHEMA IF NOT EXISTS `atbm` DEFAULT CHARACTER SET utf8 COLLATE utf8_unicode_ci ;
USE `atbm` ;

-- -----------------------------------------------------
-- Table `atbm`.`category`
-- -----------------------------------------------------
DROP TABLE IF EXISTS `atbm`.`category` ;

CREATE TABLE IF NOT EXISTS `atbm`.`category` (
  `id` INT NOT NULL,
  `name` VARCHAR(45) NULL,
  `group` VARCHAR(45) NULL,
  PRIMARY KEY (`id`))
ENGINE = InnoDB;


-- -----------------------------------------------------
-- Table `atbm`.`product`
-- -----------------------------------------------------
DROP TABLE IF EXISTS `atbm`.`product` ;

CREATE TABLE IF NOT EXISTS `atbm`.`product` (
  `id` INT NOT NULL,
  `name` VARCHAR(45) NULL,
  `description` TEXT NULL,
  `status` TINYINT NULL,
  `category_id` INT NOT NULL,
  PRIMARY KEY (`id`),
  INDEX `fk_product_category1_idx` (`category_id` ASC) VISIBLE,
  CONSTRAINT `fk_product_category1`
    FOREIGN KEY (`category_id`)
    REFERENCES `atbm`.`category` (`id`)
    ON DELETE NO ACTION
    ON UPDATE NO ACTION)
ENGINE = InnoDB;


-- -----------------------------------------------------
-- Table `atbm`.`user`
-- -----------------------------------------------------
DROP TABLE IF EXISTS `atbm`.`user` ;

CREATE TABLE IF NOT EXISTS `atbm`.`user` (
  `id` INT NOT NULL,
  `username` VARCHAR(45) NULL,
  `password` VARCHAR(45) NULL,
  `status` TINYINT NULL,
  `role` TINYINT NULL,
  `public_key` text NULL,
  PRIMARY KEY (`id`))
ENGINE = InnoDB;

-- -----------------------------------------------------
-- Table `atbm`.`user`
-- -----------------------------------------------------
DROP TABLE IF EXISTS `atbm`.`key` ;

CREATE TABLE IF NOT EXISTS `atbm`.`key` (
  `id` INT NOT NULL,
  `status` TINYINT NULL,
  `public_key` text NULL,
  `user_id` INT NOT NULL,
  PRIMARY KEY (`id`),
  INDEX `fk_key_user_idx` (`user_id` ASC) VISIBLE,
  CONSTRAINT `fk_key_user1`
    FOREIGN KEY (`user_id`)
    REFERENCES `atbm`.`user` (`id`)
    ON DELETE NO ACTION
    ON UPDATE NO ACTION)
ENGINE = InnoDB;


-- -----------------------------------------------------
-- Table `atbm`.`image`
-- -----------------------------------------------------
DROP TABLE IF EXISTS `atbm`.`image` ;

CREATE TABLE IF NOT EXISTS `atbm`.`image` (
  `id` INT NOT NULL,
  `link` VARCHAR(255) NULL,
  `product_id` INT NOT NULL,
  PRIMARY KEY (`id`),
  INDEX `fk_image_product1_idx` (`product_id` ASC) VISIBLE,
  CONSTRAINT `fk_image_product1`
    FOREIGN KEY (`product_id`)
    REFERENCES `atbm`.`product` (`id`)
    ON DELETE NO ACTION
    ON UPDATE NO ACTION)
ENGINE = InnoDB;


-- -----------------------------------------------------
-- Table `atbm`.`order`
-- -----------------------------------------------------
DROP TABLE IF EXISTS `atbm`.`order` ;

CREATE TABLE IF NOT EXISTS `atbm`.`order` (
  `id` INT NOT NULL,
  `total` INT NULL,
  `shipcost` INT NULL,
  `infor_bill` INT NULL,
  `user_id` INT NOT NULL,
  PRIMARY KEY (`id`),
  INDEX `fk_order_user_idx` (`user_id` ASC) VISIBLE,
  CONSTRAINT `fk_order_user`
    FOREIGN KEY (`user_id`)
    REFERENCES `atbm`.`user` (`id`)
    ON DELETE NO ACTION
    ON UPDATE NO ACTION)
ENGINE = InnoDB;


-- -----------------------------------------------------
-- Table `atbm`.`order_detail`
-- -----------------------------------------------------
DROP TABLE IF EXISTS `atbm`.`order_detail` ;

CREATE TABLE IF NOT EXISTS `atbm`.`order_detail` (
  `id` INT NOT NULL,
  `quantity` VARCHAR(45) NULL,
  `order_id` INT NOT NULL,
  `product_id` INT NOT NULL,
  PRIMARY KEY (`id`),
  INDEX `fk_order_detail_order1_idx` (`order_id` ASC) VISIBLE,
  INDEX `fk_order_detail_product1_idx` (`product_id` ASC) VISIBLE,
  CONSTRAINT `fk_order_detail_order1`
    FOREIGN KEY (`order_id`)
    REFERENCES `atbm`.`order` (`id`)
    ON DELETE NO ACTION
    ON UPDATE NO ACTION,
  CONSTRAINT `fk_order_detail_product1`
    FOREIGN KEY (`product_id`)
    REFERENCES `atbm`.`product` (`id`)
    ON DELETE NO ACTION
    ON UPDATE NO ACTION)
ENGINE = InnoDB;


-- -----------------------------------------------------
-- Table `atbm`.`Type`
-- -----------------------------------------------------
DROP TABLE IF EXISTS `atbm`.`Type` ;

CREATE TABLE IF NOT EXISTS `atbm`.`Type` (
  `id` INT NOT NULL,
  `name` VARCHAR(45) NULL,
  `price` INT NULL,
  `quantity` INT(10) NULL,
  `product_id` INT NOT NULL,
  PRIMARY KEY (`id`),
  INDEX `fk_Type_product1_idx` (`product_id` ASC) VISIBLE,
  CONSTRAINT `fk_Type_product1`
    FOREIGN KEY (`product_id`)
    REFERENCES `atbm`.`product` (`id`)
    ON DELETE NO ACTION
    ON UPDATE NO ACTION)
ENGINE = InnoDB;


SET SQL_MODE=@OLD_SQL_MODE;
SET FOREIGN_KEY_CHECKS=@OLD_FOREIGN_KEY_CHECKS;
SET UNIQUE_CHECKS=@OLD_UNIQUE_CHECKS;

INSERT INTO `atbm`.`user` (`id`, `username`, `password`, `status`, `role`) VALUES ('1', 'a@gmail.com', '123456', '1', '1');
INSERT INTO `atbm`.`user` (`id`, `username`, `password`, `status`, `role`) VALUES ('2', 'a1@gmail.com ', '123456', '0', '0');
INSERT INTO `atbm`.`user` (`id`, `username`, `password`, `status`, `role`) VALUES ('3', 'a2@gmail.com', '123456', '1', '1');

INSERT INTO `atbm`.`category` (`id`, `name`, `group`) VALUES ('1', 'Trà Thái Nguyên', 'Sản phẩm trà');
INSERT INTO `atbm`.`category` (`id`, `name`, `group`) VALUES ('2', 'Trà Shan Tuyết', 'Sản phẩm trà');
INSERT INTO `atbm`.`category` (`id`, `name`, `group`) VALUES ('3', 'Trà ướp hoa', 'Sản phẩm trà');
INSERT INTO `atbm`.`category` (`id`, `name`, `group`) VALUES ('4', 'Trà ô long', 'Sản phẩm trà');
INSERT INTO `atbm`.`category` (`id`, `name`, `group`) VALUES ('5', 'Trà thảo dược', 'Sản phẩm trà');
INSERT INTO `atbm`.`category` (`id`, `name`, `group`) VALUES ('6', 'Ấm chén thưởng trà', 'Dụng cụ trà');
INSERT INTO `atbm`.`category` (`id`, `name`, `group`) VALUES ('7', 'Bàn trà - khay trà', 'Dụng cụ trà');
INSERT INTO `atbm`.`category` (`id`, `name`, `group`) VALUES ('8', 'Dụng cụ khác', 'Dụng cụ trà');


INSERT INTO `atbm`.`product` (`id`, `name`, `status`, `category_id`) VALUES ('1', 'Trà Đinh Thái Nguyên', '1', '1');
INSERT INTO `atbm`.`product` (`id`, `name`, `status`, `category_id`) VALUES ('2', 'Trà Nõn Tôm Thái Nguyên', '1', '1');
INSERT INTO `atbm`.`product` (`id`, `name`, `status`, `category_id`) VALUES ('3', 'Trà Móc Câu Thái Nguyên', '1', '1');
INSERT INTO `atbm`.`product` (`id`, `name`, `status`, `category_id`) VALUES ('4', 'Trà Búp Thái Nguyên', '1', '1');
INSERT INTO `atbm`.`product` (`id`, `name`, `status`, `category_id`) VALUES ('5', 'Bạch Trà Shan Tuyết', '1', '2');
INSERT INTO `atbm`.`product` (`id`, `name`, `status`, `category_id`) VALUES ('6', 'Hồng Shan Trà Hà Giang', '1', '2');
INSERT INTO `atbm`.`product` (`id`, `name`, `status`, `category_id`) VALUES ('7', 'Trà shan tuyết cổ thụ', '1', '2');
INSERT INTO `atbm`.`product` (`id`, `name`, `status`, `category_id`) VALUES ('8', 'Trà sen', '1', '3');
INSERT INTO `atbm`.`product` (`id`, `name`, `status`, `category_id`) VALUES ('9', 'Trà lài', '1', '3');
INSERT INTO `atbm`.`product` (`id`, `name`, `status`, `category_id`) VALUES ('10', 'Trà ướp hoa bưởi', '1', '3');
INSERT INTO `atbm`.`product` (`id`, `name`, `status`, `category_id`) VALUES ('11', 'Trà oolong Lâm Đồng', '1', '4');
INSERT INTO `atbm`.`product` (`id`, `name`, `status`, `category_id`) VALUES ('12', 'Trà Nụ Vối', '1', '5');
INSERT INTO `atbm`.`product` (`id`, `name`, `status`, `category_id`) VALUES ('13', 'Ấm Chén Bát Tràng', '1', '6');
INSERT INTO `atbm`.`product` (`id`, `name`, `status`, `category_id`) VALUES ('14', 'Bàn – Khay trà tre, gỗ', '1', '7');
INSERT INTO `atbm`.`product` (`id`, `name`, `status`, `category_id`) VALUES ('15', 'Tống Trà Trắng Viền Giả Đá', '1', '8');
INSERT INTO `atbm`.`product` (`id`, `name`, `status`, `category_id`) VALUES ('16', 'Lọc Trà Trắng Nhũ Bạc', '1', '8');

INSERT INTO `atbm`.`type` (`id`, `name`, `price`, `quantity`, `product_id`) VALUES ('1', 'Gói 100 g', '152000', '5', '1');
INSERT INTO `atbm`.`type` (`id`, `name`, `price`, `quantity`, `product_id`) VALUES ('2', '10 tép 25 g', '400000', '5', '1');
INSERT INTO `atbm`.`type` (`id`, `name`, `price`, `quantity`, `product_id`) VALUES ('3', 'Hộp 200g', '740000', '5', '1');


INSERT INTO `atbm`.`type` (`id`, `name`, `price`, `quantity`, `product_id`) VALUES ('4', 'Gói 100 g', '120000', '5', '2');
INSERT INTO `atbm`.`type` (`id`, `name`, `price`, `quantity`, `product_id`) VALUES ('5', '10 tép 25 g', '200000', '5', '2');
INSERT INTO `atbm`.`type` (`id`, `name`, `price`, `quantity`, `product_id`) VALUES ('6', 'Hộp 200g', '540000', '5', '2');


INSERT INTO `atbm`.`type` (`id`, `name`, `price`, `quantity`, `product_id`) VALUES ('7', 'Gói 100 g', '110000', '5', '3');
INSERT INTO `atbm`.`type` (`id`, `name`, `price`, `quantity`, `product_id`) VALUES ('8', '10 tép 25 g', '500000', '5', '3');
INSERT INTO `atbm`.`type` (`id`, `name`, `price`, `quantity`, `product_id`) VALUES ('9', 'Hộp 200g', '620000', '5', '3');

INSERT INTO `atbm`.`type` (`id`, `name`, `price`, `quantity`, `product_id`) VALUES ('10', 'Gói 100 g', '90000', '5', '4');
INSERT INTO `atbm`.`type` (`id`, `name`, `price`, `quantity`, `product_id`) VALUES ('11', '10 tép 25 g', '100000', '5', '4');
INSERT INTO `atbm`.`type` (`id`, `name`, `price`, `quantity`, `product_id`) VALUES ('12', 'Hộp 200g', '320000', '5', '4');

INSERT INTO `atbm`.`type` (`id`, `name`, `price`, `quantity`, `product_id`) VALUES ('13', 'Gói 100 g', '80000', '5', '5');
INSERT INTO `atbm`.`type` (`id`, `name`, `price`, `quantity`, `product_id`) VALUES ('14', 'Gói 200 g', '160000', '5', '5');
INSERT INTO `atbm`.`type` (`id`, `name`, `price`, `quantity`, `product_id`) VALUES ('15', 'Hộp 200g', '320000', '5', '5');

INSERT INTO `atbm`.`type` (`id`, `name`, `price`, `quantity`, `product_id`) VALUES ('16', 'Gói 100 g', '60000', '5', '6');
INSERT INTO `atbm`.`type` (`id`, `name`, `price`, `quantity`, `product_id`) VALUES ('17', 'Gói 200 g', '110000', '5', '6');

INSERT INTO `atbm`.`type` (`id`, `name`, `price`, `quantity`, `product_id`) VALUES ('18', 'Gói 100 g', '50000', '5', '7');
INSERT INTO `atbm`.`type` (`id`, `name`, `price`, `quantity`, `product_id`) VALUES ('19', 'Gói 200 g', '100000', '5', '7');

INSERT INTO `atbm`.`type` (`id`, `name`, `price`, `quantity`, `product_id`) VALUES ('20', 'Gói 100 g', '150000', '5', '8');
INSERT INTO `atbm`.`type` (`id`, `name`, `price`, `quantity`, `product_id`) VALUES ('21', 'Gói 200 g', '300000', '5', '8');
INSERT INTO `atbm`.`type` (`id`, `name`, `price`, `quantity`, `product_id`) VALUES ('22', 'Hộp 200g', '580000', '5', '8');

INSERT INTO `atbm`.`type` (`id`, `name`, `price`, `quantity`, `product_id`) VALUES ('23', 'Gói 100 g', '190000', '5', '9');
INSERT INTO `atbm`.`type` (`id`, `name`, `price`, `quantity`, `product_id`) VALUES ('24', 'Gói 200 g', '350000', '5', '9');

INSERT INTO `atbm`.`type` (`id`, `name`, `price`, `quantity`, `product_id`) VALUES ('25', 'Gói 100 g', '130000', '5', '10');
INSERT INTO `atbm`.`type` (`id`, `name`, `price`, `quantity`, `product_id`) VALUES ('26', 'Gói 200 g', '450000', '5', '10');

INSERT INTO `atbm`.`type` (`id`, `name`, `price`, `quantity`, `product_id`) VALUES ('27', 'Gói 50 g', '60000', '5', '11');
INSERT INTO `atbm`.`type` (`id`, `name`, `price`, `quantity`, `product_id`) VALUES ('28', 'Gói 100 g', '150000', '5', '11');

INSERT INTO `atbm`.`type` (`id`, `name`, `price`, `quantity`, `product_id`) VALUES ('29', 'Gói 100 g', '150000', '5', '12');

INSERT INTO `atbm`.`type` (`id`, `name`, `price`, `quantity`, `product_id`) VALUES ('30', 'Một bộ', '150000', '5', '13');

INSERT INTO `atbm`.`type` (`id`, `name`, `price`, `quantity`, `product_id`) VALUES ('31', 'Một chiếc', '150000', '5', '14');

INSERT INTO `atbm`.`type` (`id`, `name`, `price`, `quantity`, `product_id`) VALUES ('32', 'Một chiếc', '150000', '5', '15');

INSERT INTO `atbm`.`type` (`id`, `name`, `price`, `quantity`, `product_id`) VALUES ('33', 'Một chiếc', '150000', '5', '16');

INSERT INTO `atbm`.`image` (`id`, `link`, `product_id`) VALUES ('1', 'p-1', '1');
INSERT INTO `atbm`.`image` (`id`, `link`, `product_id`) VALUES ('2', 'p-2', '2');
INSERT INTO `atbm`.`image` (`id`, `link`, `product_id`) VALUES ('3', 'p-3', '3');
INSERT INTO `atbm`.`image` (`id`, `link`, `product_id`) VALUES ('4', 'p-4', '4');
INSERT INTO `atbm`.`image` (`id`, `link`, `product_id`) VALUES ('5', 'p-5', '5');
INSERT INTO `atbm`.`image` (`id`, `link`, `product_id`) VALUES ('6', 'p-6', '6');
INSERT INTO `atbm`.`image` (`id`, `link`, `product_id`) VALUES ('7', 'p-7', '7');
INSERT INTO `atbm`.`image` (`id`, `link`, `product_id`) VALUES ('8', 'p-8', '8');
INSERT INTO `atbm`.`image` (`id`, `link`, `product_id`) VALUES ('9', 'p-9', '9');
INSERT INTO `atbm`.`image` (`id`, `link`, `product_id`) VALUES ('10', 'p-10', '10');
INSERT INTO `atbm`.`image` (`id`, `link`, `product_id`) VALUES ('11', 'p-11', '11');
INSERT INTO `atbm`.`image` (`id`, `link`, `product_id`) VALUES ('12', 'p-12', '12');
INSERT INTO `atbm`.`image` (`id`, `link`, `product_id`) VALUES ('13', 'p-13', '13');
INSERT INTO `atbm`.`image` (`id`, `link`, `product_id`) VALUES ('14', 'p-14', '14');
INSERT INTO `atbm`.`image` (`id`, `link`, `product_id`) VALUES ('15', 'p-15', '15');
INSERT INTO `atbm`.`image` (`id`, `link`, `product_id`) VALUES ('16', 'p-16', '16');

ALTER TABLE `atbm`.`product` 
ADD COLUMN `info` VARCHAR(255) NULL DEFAULT NULL AFTER `category_id`;

ALTER TABLE `atbm`.`order` 
ADD COLUMN `verified` BIT NULL DEFAULT 0 AFTER `user_id`;

ALTER TABLE `atbm`.`product` 
ADD COLUMN `priceKg` VARCHAR(45) NULL AFTER `info`;

UPDATE image SET link = IFNULL (CONCAT( link , ".jpg" ), "p-1.jpg")
where id > 0

INSERT INTO `atbm`.`image` (`id`, `link`, `product_id`) VALUES ('17', 'p-17.jpg', '1');
INSERT INTO `atbm`.`image` (`id`, `link`, `product_id`) VALUES ('18', 'p-18.jpg', '2');
INSERT INTO `atbm`.`image` (`id`, `link`, `product_id`) VALUES ('19', 'p-19.jpg', '3');
INSERT INTO `atbm`.`image` (`id`, `link`, `product_id`) VALUES ('20', 'p-20.jpg', '4');
INSERT INTO `atbm`.`image` (`id`, `link`, `product_id`) VALUES ('21', 'p-21.jpg', '5');
INSERT INTO `atbm`.`image` (`id`, `link`, `product_id`) VALUES ('22', 'p-22.jpg', '6');
INSERT INTO `atbm`.`image` (`id`, `link`, `product_id`) VALUES ('23', 'p-23.jpg', '7');
INSERT INTO `atbm`.`image` (`id`, `link`, `product_id`) VALUES ('24', 'p-24.jpg', '8');
INSERT INTO `atbm`.`image` (`id`, `link`, `product_id`) VALUES ('25', 'p-25.jpg', '9');
INSERT INTO `atbm`.`image` (`id`, `link`, `product_id`) VALUES ('26', 'p-26.jpg', '10');
INSERT INTO `atbm`.`image` (`id`, `link`, `product_id`) VALUES ('27', 'p-27.jpg', '11');
INSERT INTO `atbm`.`image` (`id`, `link`, `product_id`) VALUES ('28', 'p-28.jpg', '12');
INSERT INTO `atbm`.`image` (`id`, `link`, `product_id`) VALUES ('29', 'p-29.jpg', '13');
INSERT INTO `atbm`.`image` (`id`, `link`, `product_id`) VALUES ('30', 'p-30.jpg', '14');
INSERT INTO `atbm`.`image` (`id`, `link`, `product_id`) VALUES ('31', 'p-31.jpg', '15');
INSERT INTO `atbm`.`image` (`id`, `link`, `product_id`) VALUES ('32', 'p-32.jpg', '16');

INSERT INTO `atbm`.`image` (`id`, `link`, `product_id`) VALUES ('33', 'p-33.jpg', '1');
INSERT INTO `atbm`.`image` (`id`, `link`, `product_id`) VALUES ('34', 'p-34.jpg', '2');
INSERT INTO `atbm`.`image` (`id`, `link`, `product_id`) VALUES ('35', 'p-35.jpg', '3');
INSERT INTO `atbm`.`image` (`id`, `link`, `product_id`) VALUES ('36', 'p-36.jpg', '4');
INSERT INTO `atbm`.`image` (`id`, `link`, `product_id`) VALUES ('37', 'p-37.jpg', '5');
INSERT INTO `atbm`.`image` (`id`, `link`, `product_id`) VALUES ('38', 'p-38.jpg', '6');
INSERT INTO `atbm`.`image` (`id`, `link`, `product_id`) VALUES ('39', 'p-39.jpg', '7');
INSERT INTO `atbm`.`image` (`id`, `link`, `product_id`) VALUES ('40', 'p-40.jpg', '8');
INSERT INTO `atbm`.`image` (`id`, `link`, `product_id`) VALUES ('41', 'p-41.jpg', '9');
INSERT INTO `atbm`.`image` (`id`, `link`, `product_id`) VALUES ('42', 'p-42.jpg', '10');
INSERT INTO `atbm`.`image` (`id`, `link`, `product_id`) VALUES ('43', 'p-43.jpg', '11');
INSERT INTO `atbm`.`image` (`id`, `link`, `product_id`) VALUES ('44', 'p-44.jpg', '12');
INSERT INTO `atbm`.`image` (`id`, `link`, `product_id`) VALUES ('45', 'p-45.jpg', '13');
INSERT INTO `atbm`.`image` (`id`, `link`, `product_id`) VALUES ('46', 'p-46.jpg', '14');
INSERT INTO `atbm`.`image` (`id`, `link`, `product_id`) VALUES ('47', 'p-47.jpg', '15');
INSERT INTO `atbm`.`image` (`id`, `link`, `product_id`) VALUES ('48', 'p-48.jpg', '16');

INSERT INTO `atbm`.`image` (`id`, `link`, `product_id`) VALUES ('49', 'p-49.jpg', '1');
INSERT INTO `atbm`.`image` (`id`, `link`, `product_id`) VALUES ('50', 'p-50.jpg', '2');
INSERT INTO `atbm`.`image` (`id`, `link`, `product_id`) VALUES ('51', 'p-51.jpg', '3');
INSERT INTO `atbm`.`image` (`id`, `link`, `product_id`) VALUES ('52', 'p-52.jpg', '4');
INSERT INTO `atbm`.`image` (`id`, `link`, `product_id`) VALUES ('53', 'p-53.jpg', '5');
INSERT INTO `atbm`.`image` (`id`, `link`, `product_id`) VALUES ('54', 'p-54.jpg', '6');
INSERT INTO `atbm`.`image` (`id`, `link`, `product_id`) VALUES ('55', 'p-55.jpg', '7');
INSERT INTO `atbm`.`image` (`id`, `link`, `product_id`) VALUES ('56', 'p-56.jpg', '8');
INSERT INTO `atbm`.`image` (`id`, `link`, `product_id`) VALUES ('57', 'p-57.jpg', '9');
INSERT INTO `atbm`.`image` (`id`, `link`, `product_id`) VALUES ('58', 'p-58.jpg', '10');
INSERT INTO `atbm`.`image` (`id`, `link`, `product_id`) VALUES ('59', 'p-59.jpg', '11');
INSERT INTO `atbm`.`image` (`id`, `link`, `product_id`) VALUES ('60', 'p-60.jpg', '12');
INSERT INTO `atbm`.`image` (`id`, `link`, `product_id`) VALUES ('61', 'p-61.jpg', '13');
INSERT INTO `atbm`.`image` (`id`, `link`, `product_id`) VALUES ('62', 'p-62.jpg', '14');
INSERT INTO `atbm`.`image` (`id`, `link`, `product_id`) VALUES ('63', 'p-63.jpg', '15');
INSERT INTO `atbm`.`image` (`id`, `link`, `product_id`) VALUES ('64', 'p-64.jpg', '16');


ALTER TABLE `atbm`.`order` 
ADD COLUMN `date` VARCHAR(45) NULL AFTER `verified`;

ALTER TABLE `atbm`.`user` 
ADD COLUMN `fullname` VARCHAR(150) NULL AFTER `public_key`,
ADD COLUMN `address` VARCHAR(255) NULL AFTER `fullname`,
ADD COLUMN `phone` VARCHAR(25) NULL AFTER `address`;



